Metric,Value
Total Sales,141783.63
Total Profit,93442.8
Total Units,38654.0
Average Margin,0.6651404480694817
Margin Volatility,0.0052547971916157695
