Division,Sales,Gross Profit,Cost,Units,Gross Margin %,Profit per Unit,Revenue Contribution %,Profit Contribution %
Chocolate,131692.9,88824.62,42868.28,37275,0.6745816245441225,2.3847947988622513,0.9288300772099006,0.9505774655725214
Other,9663.25,4333.45,5329.8,1242,0.3767245657568238,3.361290322580645,0.06815490617640414,0.04637542967462448
Sugar,427.48,284.73,142.75,137,0.5768900055834729,1.8875,0.003015016613695107,0.003047104752854153
