Product Name,Sales,Cost,Gross Profit,Units,Gross Margin %,Profit per Unit,Revenue Contribution %,Profit Contribution %,Margin Risk Flag
Kazookles,1205.75,1113.0,92.75,371,0.0769230769230769,0.25,0.0085041552399243,0.0009925858386092,Critical Review
Fun Dip,12.0,7.2,4.8,8,0.3999999999999999,0.6,8.463600487588024e-05,5.136832372317611e-05,High Risk
Nerds,15.0,8.0,7.0,10,0.4666666666666666,0.7,0.0001057950060948,7.491213876296517e-05,High Risk
SweeTARTS,61.5,32.8,28.7,41,0.4666666666666666,0.7,0.0004337595249888,0.0003071397689281,High Risk
