Product Segment,Sales,Cost,Gross Profit,Units,Gross Margin %,Profit per Unit,Revenue Contribution %,Profit Contribution %
Hidden Gems,24890.4,8296.8,16593.6,6914,0.6666666666666666,2.4,0.1755520013135508,0.1775802951110198
Stars,51656.25,15315.3,36340.95,14528,0.7034835873771279,2.5006183973202782,0.3643315522391407,0.38891118416828263
Underperformers,40764.48,15039.73,25724.75,12389,0.6264477594873179,2.0672858056265984,0.28751189400356025,0.2752994345203697
Volume Traps,24472.5,9689.0,14783.5,4823,0.6427895635210924,2.969166057059254,0.17260455244374825,0.15820908620032792
